{
  "summary": {},
  "detailed": {
    "haske": {
      "simple_get": {
        "total_requests": 1000,
        "successful_requests": 1000,
        "avg_response_time": 8.528809785842896,
        "min_response_time": 0.9944438934326172,
        "max_response_time": 268.1994438171387,
        "p95": 31.91540241241455,
        "requests_per_second": 3728.5685077028384
      },
      "json_response": {
        "total_requests": 1000,
        "successful_requests": 1000,
        "avg_response_time": 3.75597882270813,
        "min_response_time": 1.9862651824951172,
        "max_response_time": 263.8676166534424,
        "p95": 5.983102321624756,
        "requests_per_second": 3789.779180494804
      },
      "path_params": {
        "total_requests": 1000,
        "successful_requests": 1000,
        "avg_response_time": 4.137059926986694,
        "min_response_time": 1.9907951354980469,
        "max_response_time": 272.8414535522461,
        "p95": 6.981849670410156,
        "requests_per_second": 3665.132211328405
      },
      "post_json": {
        "total_requests": 500,
        "successful_requests": 500,
        "avg_response_time": 4.817820072174072,
        "min_response_time": 2.982616424560547,
        "max_response_time": 261.87801361083984,
        "p95": 6.98779821395874,
        "requests_per_second": 1909.2859041729942
      },
      "template_rendering": {
        "total_requests": 500,
        "successful_requests": 500,
        "avg_response_time": 5.2247138023376465,
        "min_response_time": 2.988100051879883,
        "max_response_time": 271.8491554260254,
        "p95": 7.982456684112549,
        "requests_per_second": 1839.2553003022228,
        "avg_content_length": 895.704,
        "min_content_length": 894,
        "max_content_length": 896
      },
      "cpu_intensive": {
        "total_requests": 50,
        "successful_requests": 50,
        "avg_response_time": 15.503835678100586,
        "min_response_time": 7.9784393310546875,
        "max_response_time": 266.89887046813965,
        "p95": 20.45128345489502,
        "requests_per_second": 187.3368737465999
      }
    }
  },
  "timestamp": 1756839296.9011846,
  "overall": {
    "haske_total_rps": 0,
    "fastapi_total_rps": 0,
    "overall_difference": 0,
    "overall_percentage": 0,
    "overall_winner": "FastAPI"
  }
}