{
  "simple_get": {
    "total_requests": 1000,
    "successful_requests": 1000,
    "avg_response_time": 2.179842948913574,
    "min_response_time": 1.008749008178711,
    "max_response_time": 265.1546001434326,
    "p95": 3.0905842781066895,
    "requests_per_second": 3771.384692021411
  },
  "json_response": {
    "total_requests": 1000,
    "successful_requests": 1000,
    "avg_response_time": 2.1482832431793213,
    "min_response_time": 1.0037422180175781,
    "max_response_time": 259.1359615325928,
    "p95": 3.091275691986084,
    "requests_per_second": 3858.978098160356
  },
  "path_params": {
    "total_requests": 1000,
    "successful_requests": 1000,
    "avg_response_time": 2.273136615753174,
    "min_response_time": 1.009225845336914,
    "max_response_time": 262.6211643218994,
    "p95": 3.090536594390869,
    "requests_per_second": 3807.7662269986827
  },
  "post_json": {
    "total_requests": 500,
    "successful_requests": 500,
    "avg_response_time": 2.637117862701416,
    "min_response_time": 1.008749008178711,
    "max_response_time": 262.0670795440674,
    "p95": 3.1273245811462402,
    "requests_per_second": 1907.9084670607147
  },
  "template_rendering": {
    "total_requests": 500,
    "successful_requests": 0,
    "avg_response_time": 0,
    "min_response_time": 0,
    "max_response_time": 0,
    "p95": 0,
    "requests_per_second": 0,
    "avg_content_length": 0,
    "min_content_length": 0,
    "max_content_length": 0
  },
  "cpu_intensive": {
    "total_requests": 50,
    "successful_requests": 50,
    "avg_response_time": 10.287623405456543,
    "min_response_time": 3.0319690704345703,
    "max_response_time": 274.23715591430664,
    "p95": 10.818934440612793,
    "requests_per_second": 182.32394451911523
  }
}